0,224.119531
0.5,223.919531
1,223.719531
1.5,223.919531
2,224.119531
2.5,223.919531
3,223.719531
3.5,223.519531
4,223.719531
4.5,223.519531
5,223.719531
5.5,223.919531
6,224.119531
6.5,223.919531
7,224.119531
7.5,224.319531
8,224.119531
8.5,223.919531
9,224.119531
9.5,224.319531
10,224.119531
10.5,224.319531
11,224.119531
11.5,224.0581425
12,223.8581425
12.5,223.6581425
13,223.8581425
13.5,223.6581425
14,223.8581425
14.5,224.0581425
15,223.9966512
15.5,224.1966512
16,224.3966512
16.5,224.5966512
17,224.3966512
17.5,224.5966512
18,224.7966512
18.5,224.5966512
19,224.7966512
19.5,224.7080133
20,224.9080133
20.5,224.7080133
21,224.9080133
21.5,225.1080133
22,225.3080133
22.5,225.5080133
23,225.7080133
23.5,225.9080133
24,226.1080133
24.5,225.9080133
25,226.1080133
25.5,226.3080133
26,226.5080133
26.5,226.7080133
27,226.5080133
27.5,226.7080133
28,226.9080133
28.5,226.7080133
29,226.5080133
29.5,226.7080133
30,226.5080133
30.5,226.7080133
31,226.9080133
31.5,226.7080133
32,226.5080133
32.5,226.7080133
33,226.9080133
33.5,227.1080133
34,227.3080133
34.5,227.5080133
35,227.3080133
35.5,227.1080133
36,227.3080133
36.5,227.5080133
37,227.7080133
37.5,227.9080133
38,227.9818104
38.5,228.1818104
39,228.3818104
39.5,228.2764995
40,228.4764995
40.5,228.2764995
41,228.4764995
41.5,228.6764995
42,228.8764995
42.5,229.0764995
43,229.2764995
43.5,229.4764995
44,229.2764995
44.5,229.4764995
45,229.2764995
45.5,229.0764995
46,229.2764995
46.5,229.0764995
47,229.2764995
47.5,229.4467105
48,229.6467105
48.5,229.8467105
49,230.0467105
49.5,229.8467105
50,230.0467105
50.5,230.1733737
51,230.3733737
51.5,230.5733737
52,230.3733737
52.5,230.5733737
53,230.7733737
53.5,230.5733737
54,230.7733737
54.5,230.9733737
55,231.1733737
55.5,231.3733737
56,231.5733737
56.5,231.3733737
57,231.5733737
57.5,231.3733737
58,231.1733737
58.5,230.9733737
59,230.7733737
59.5,230.9733737
60,231.1733737
60.5,231.3733737
61,231.5733737
61.5,231.3733737
62,231.1733737
62.5,230.9733737
63,231.1733737
63.5,230.9733737
64,231.1733737
64.5,231.3733737
65,231.1733737
65.5,231.3733737
66,231.1733737
66.5,231.3733737
67,231.5733737
67.5,231.7733737
68,231.9733737
68.5,232.1001818
69,232.3001818
69.5,232.1001818
70,232.2808574
70.5,232.4808574
71,232.6808574
71.5,232.4808574
72,232.2808574
72.5,232.0808574
73,232.2808574
73.5,232.4808574
74,232.2808574
74.5,232.4808574
75,232.6808574
75.5,232.4808574
76,232.6808574
76.5,232.4808574
77,232.4438094
77.5,232.6438094
78,232.8438094
78.5,233.0438094
79,233.2438094
79.5,233.4438094
80,233.2438094
80.5,233.4438094
81,233.6438094
81.5,233.8438094
82,233.6438094
82.5,233.8438094
83,234.0438094
83.5,233.8438094
84,233.9396918
84.5,234.1396918
85,234.3396918
85.5,234.5396918
86,234.7396918
86.5,234.9396918
87,235.1396918
87.5,234.9396918
88,235.1396918
88.5,235.3396918
89,235.5396918
89.5,235.6169145
90,235.8169145
90.5,236.0169145
91,235.8169145
91.5,235.6169145
92,235.4169145
92.5,235.2202454
93,235.4202454
93.5,235.2202454
94,235.4202454
94.5,235.2202454
95,235.0202454
95.5,234.8202454
96,235.0202454
96.5,235.2202454
97,235.4202454
97.5,235.6202454
98,235.8202454
98.5,236.0202454
99,235.8202454
99.5,236.0202454
100,236.2202454
100.5,236.4202454
101,236.6202454
101.5,236.4202454
102,236.6202454
102.5,236.8202454
103,236.6202454
103.5,236.4202454
104,236.6202454
104.5,236.4202454
105,236.6202454
105.5,236.8202454
106,237.0202454
106.5,236.8202454
107,236.6202454
107.5,236.4202454
108,236.4690765
108.5,236.6690765
109,236.4690765
109.5,236.2690765
110,236.4690765
110.5,236.6690765
111,236.7433283
111.5,236.5433283
112,236.7433283
112.5,236.9433283
113,236.7433283
113.5,236.5433283
114,236.3433283
114.5,236.5433283
115,236.7433283
115.5,236.9433283
116,236.7433283
116.5,236.5433283
117,236.65415
117.5,236.85415
118,236.65415
118.5,236.85415
119,236.65415
119.5,236.85415
120,237.05415
120.5,237.25415
121,237.45415
121.5,237.65415
122,237.45415
122.5,237.25415
123,237.45415
123.5,237.25415
124,237.45415
124.5,237.25415
125,237.45415
125.5,237.65415
126,237.45415
126.5,237.65415
127,237.85415
127.5,238.05415
128,238.1626324
128.5,238.3626324
129,238.5626324
129.5,238.7626324
130,238.5626324
130.5,238.3626324
131,238.5626324
131.5,238.3626324
132,238.1626324
132.5,238.3626324
133,238.5626324
133.5,238.7626324
134,238.5626324
134.5,238.7626324
135,238.9626324
135.5,239.1626324
136,239.3626324
136.5,239.5626324
137,239.3626324
137.5,239.5626324
138,239.3626324
138.5,239.4806859
139,239.6806859
139.5,239.8806859
140,240.0806859
140.5,240.2806859
141,240.4806859
141.5,240.2806859
142,240.0806859
142.5,240.2806859
143,240.4806859
143.5,240.6806859
144,240.8806859
144.5,240.8021968
145,241.0021968
145.5,241.2021968
146,241.4021968
146.5,241.6021968
147,241.8021968
147.5,242.0021968
148,242.2021968
148.5,242.4021968
149,242.6021968
149.5,242.8021968
150,243.0021968
150.5,243.2021968
151,243.4021968
151.5,243.6021968
152,243.8021968
152.5,244.0021968
153,244.2021968
153.5,244.4021968
154,244.4165223
154.5,244.2165223
155,244.4165223
155.5,244.6165223
156,244.8165223
156.5,245.0165223
157,244.8165223
157.5,245.0165223
158,245.2165223
158.5,245.4165223
159,245.6165223
159.5,245.8165223
160,245.6165223
160.5,245.8165223
161,246.0165223
161.5,246.2165223
162,246.4165223
162.5,246.6165223
163,246.4165223
163.5,246.6165223
164,246.8165223
164.5,247.0165223
165,247.2165223
165.5,247.4165223
166,247.6165223
166.5,247.8165223
167,248.0165223
167.5,248.2165223
168,248.4165223
168.5,248.6165223
169,248.4165223
169.5,248.2165223
170,248.4165223
170.5,248.6165223
171,248.6228272
171.5,248.8228272
172,249.0228272
172.5,249.2228272
173,249.4228272
173.5,249.2228272
174,249.4228272
174.5,249.2228272
175,249.4228272
175.5,249.2228272
176,249.4228272
176.5,249.2228272
177,249.0228272
177.5,249.2228272
178,249.4228272
178.5,249.6228272
179,249.8228272
179.5,250.0228272
180,250.2228272
180.5,250.4228272
181,250.6228272
181.5,250.8228272
182,250.6228272
182.5,250.8228272
183,251.0228272
183.5,251.2228272
184,251.4228272
184.5,251.6228272
185,251.8228272
185.5,251.6228272
186,251.8228272
186.5,252.0228272
187,252.2228272
187.5,252.4228272
188,252.6228272
188.5,252.4228272
189,252.6228272
189.5,252.4228272
190,252.6228272
190.5,252.8228272
191,253.0228272
191.5,253.2228272
192,253.0228272
192.5,252.8228272
193,253.0228272
193.5,252.8228272
194,253.0228272
194.5,252.8228272
195,252.6228272
195.5,252.8228272
196,253.0228272
196.5,253.2228272
197,253.4228272
197.5,253.6228272
198,253.8228272
198.5,254.0228272
199,254.2228272
199.5,254.4228272
200,254.6228272
200.5,254.4228272
201,254.2228272
201.5,254.0228272
202,254.2228272
202.5,254.4228272
203,254.2228272
203.5,254.4228272
204,254.6228272
204.5,254.8228272
205,255.0228272
205.5,255.2228272
206,255.4228272
206.5,255.6228272
207,255.8228272
207.5,256.0228272
208,255.8228272
208.5,256.0228272
209,256.2228272
209.5,256.4228272
210,256.6228272
210.5,256.8228272
211,257.0228272
211.5,257.2228272
212,257.4228272
212.5,257.6228272
213,257.8228272
213.5,258.0228272
214,258.2228272
214.5,258.4228272
215,258.6228272
215.5,258.4228272
216,258.6228272
216.5,258.8228272
217,259.0228272
217.5,259.2228272
218,259.0228272
218.5,258.8228272
219,259.0228272
219.5,259.2228272
220,259.4228272
220.5,259.6228272
221,259.8228272
221.5,259.6228272
222,259.8228272
222.5,259.6228272
223,259.8228272
223.5,260.0228272
224,259.8228272
224.5,260.0228272
225,259.8228272
225.5,260.0228272
226,260.2228272
226.5,260.0228272
227,260.2228272
227.5,260.4228272
228,260.6228272
228.5,260.8228272
229,261.0228272
229.5,260.8228272
230,261.0228272
230.5,260.8228272
231,261.0228272
231.5,261.2228272
232,261.4228272
232.5,261.6228272
233,261.8228272
233.5,262.0228272
234,262.2228272
234.5,262.4228272
235,262.6228272
235.5,262.8228272
236,263.0228272
236.5,262.8228272
237,263.0228272
237.5,263.2228272
238,263.4228272
238.5,263.2228272
239,263.0228272
239.5,263.2228272
240,263.4228272
240.5,263.6228272
241,263.8228272
241.5,264.0228272
242,264.2228272
242.5,264.4228272
243,264.6228272
243.5,264.8228272
244,265.0228272
244.5,264.8228272
245,265.0228272
245.5,265.2228272
246,265.0228272
246.5,265.2228272
247,265.4228272
247.5,265.2228272
248,265.4228272
248.5,265.6228272
249,265.8228272
249.5,266.0228272
250,266.2228272
250.5,266.4228272
251,266.2228272
251.5,266.4228272
252,266.2228272
252.5,266.4228272
253,266.6228272
253.5,266.8228272
254,267.0228272
254.5,266.8228272
255,267.0228272
255.5,267.2228272
256,267.0228272
256.5,267.2228272
257,267.0228272
257.5,267.2228272
258,267.4228272
258.5,267.6228272
259,267.8228272
259.5,267.6228272
260,267.8228272
260.5,267.6228272
261,267.8228272
261.5,268.0228272
262,267.8228272
262.5,268.0228272
263,268.2228272
263.5,268.0228272
264,268.2228272
264.5,268.4228272
265,268.6228272
265.5,268.8228272
266,268.6228272
266.5,268.4228272
267,268.2228272
267.5,268.4228272
268,268.6228272
268.5,268.4228272
269,268.2228272
269.5,268.4228272
270,268.2228272
270.5,268.4228272
271,268.2228272
271.5,268.4228272
272,268.6228272
272.5,268.4228272
273,268.6228272
273.5,268.8228272
274,269.0228272
274.5,268.8228272
275,268.6228272
275.5,268.4228272
276,268.6228272
276.5,268.4228272
277,268.6228272
277.5,268.4228272
278,268.6228272
278.5,268.4228272
279,268.6228272
279.5,268.4228272
280,268.2228272
280.5,268.0228272
281,268.2228272
281.5,268.0228272
282,267.8228272
282.5,267.6228272
283,267.4228272
283.5,267.2228272
284,267.4228272
284.5,267.2228272
285,267.0228272
285.5,266.8228272
286,266.6228272
286.5,266.4228272
287,266.6228272
287.5,266.4228272
288,266.2228272
288.5,266.0228272
289,265.8228272
289.5,265.6228272
290,265.6689252
290.5,265.4689252
291,265.2689252
291.5,265.4689252
292,265.2689252
292.5,265.0689252
293,264.8689252
293.5,264.6689252
294,264.4689252
294.5,264.2689252
295,264.0689252
295.5,263.8689252
296,263.6689252
296.5,263.4689252
297,263.2689252
297.5,263.0689252
298,262.8689252
298.5,262.6689252
299,262.4689252
299.5,262.3929047
300,262.1929047
300.5,261.9929047
301,261.7929047
301.5,261.5929047
302,261.3929047
302.5,261.1929047
303,260.9929047
303.5,260.7929047
304,260.5929047
304.5,260.3929047
305,260.1929047
305.5,259.9929047
306,259.7929047
306.5,259.5929047
307,259.3929047
307.5,259.1929047
308,258.9929047
308.5,258.7929047
309,258.5929047
309.5,258.3929047
310,258.1929047
310.5,257.9929047
311,257.7929047
311.5,257.5929047
312,257.3929047
312.5,257.1929047
313,256.9929047
313.5,256.7929047
314,256.5929047
314.5,256.3929047
315,256.1929047
315.5,255.9929047
316,255.7929047
316.5,255.5929047
317,255.3929047
317.5,255.1929047
318,254.9929047
318.5,254.7929047
319,254.5929047
319.5,254.3929047
320,254.1929047
320.5,253.9929047
321,253.7929047
321.5,253.5929047
322,253.3929047
322.5,253.1929047
323,252.9929047
323.5,252.7929047
324,252.5929047
324.5,252.3929047
325,252.1929047
325.5,251.9929047
326,251.7929047
326.5,251.5929047
327,251.3929047
327.5,251.1929047
328,250.9929047
328.5,250.7929047
329,250.5929047
329.5,250.3929047
330,250.1929047
330.5,249.9929047
331,249.7929047
331.5,249.5929047
332,249.3929047
332.5,249.1929047
333,248.9929047
333.5,248.7929047
334,248.5929047
334.5,248.3929047
335,248.1929047
335.5,247.9929047
336,247.7929047
336.5,247.5929047
337,247.3929047
337.5,247.1929047
338,246.9929047
338.5,246.7929047
339,246.5929047
339.5,246.3929047
340,246.1929047
340.5,245.9929047
341,245.7929047
341.5,245.5929047
342,245.3929047
342.5,245.1929047
343,244.9929047
343.5,244.7929047
344,244.5929047
344.5,244.3929047
345,244.1929047
345.5,243.9929047
346,243.7929047
346.5,243.5929047
347,243.3929047
347.5,243.1929047
348,242.9929047
348.5,242.7929047
349,242.5929047
349.5,242.3929047
350,242.1929047
350.5,241.9929047
351,241.7929047
351.5,241.5929047
352,241.3929047
352.5,241.1929047
353,240.9929047
353.5,240.7929047
354,240.5929047
354.5,240.3929047
355,240.1929047
355.5,239.9929047
356,239.7929047
356.5,239.5929047
357,239.3929047
357.5,239.1929047
358,238.9929047
358.5,238.7929047
359,238.5929047
359.5,238.3929047
360,238.1929047
360.5,237.9929047
361,237.7929047
361.5,237.5929047
362,237.3929047
362.5,237.1929047
363,236.9929047
363.5,236.7929047
364,236.5929047
364.5,236.3929047
365,236.1929047
365.5,235.9929047
366,235.7929047
366.5,235.5929047
367,235.3929047
367.5,235.1929047
368,234.9929047
368.5,234.7929047
369,234.5929047
369.5,234.3929047
370,234.1929047
370.5,233.9929047
371,233.7929047
371.5,233.5929047
372,233.3929047
372.5,233.1929047
373,232.9929047
373.5,232.7929047
374,232.5929047
374.5,232.3929047
375,232.1929047
375.5,231.9929047
376,231.7929047
376.5,231.5929047
377,231.3929047
377.5,231.1929047
378,230.9929047
378.5,230.7929047
379,230.5929047
379.5,230.3929047
380,230.1929047
380.5,229.9929047
381,229.7929047
381.5,229.5929047
382,229.3929047
382.5,229.1929047
383,228.9929047
383.5,228.7929047
384,228.5929047
384.5,228.3929047
385,228.1929047
385.5,227.9929047
386,227.7929047
386.5,227.5929047
387,227.3929047
387.5,227.1929047
388,226.9929047
388.5,226.7929047
389,226.5929047
389.5,226.3929047
390,226.1929047
390.5,225.9929047
391,225.7929047
391.5,225.5929047
392,225.3929047
392.5,225.1929047
393,224.9929047
393.5,224.7929047
394,224.5929047
394.5,224.3929047
395,224.1929047
395.5,223.9929047
396,223.7929047
396.5,223.5929047
397,223.3929047
397.5,223.1929047
398,222.9929047
398.5,222.7929047
399,222.5929047
399.5,222.3929047
400,222.1929047
400.5,221.9929047
401,221.7929047
401.5,221.5929047
402,221.3929047
402.5,221.1929047
403,220.9929047
403.5,220.7929047
404,220.5929047
404.5,220.3929047
405,220.1929047
405.5,219.9929047
406,219.7929047
406.5,219.5929047
407,219.3929047
407.5,219.1929047
408,218.9929047
408.5,218.7929047
409,218.5929047
409.5,218.3929047
410,218.1929047
410.5,217.9929047
411,217.7929047
411.5,217.5929047
412,217.3929047
412.5,217.1929047
413,216.9929047
413.5,216.7929047
414,216.5929047
414.5,216.3929047
415,216.1929047
415.5,216.3929047
416,216.1929047
416.5,215.9929047
417,215.7929047
417.5,215.5929047
418,215.7929047
418.5,215.5929047
419,215.3929047
419.5,215.1929047
420,214.9929047
420.5,214.7929047
421,214.5929047
421.5,214.7929047
422,214.9929047
422.5,215.1929047
423,215.1337834
423.5,214.9337834
424,214.7337834
424.5,214.5337834
425,214.3337834
425.5,214.1337834
426,213.9337834
426.5,213.7337834
427,213.9337834
427.5,213.7337834
428,213.9337834
428.5,213.7337834
429,213.5337834
429.5,213.3337834
430,213.5337834
430.5,213.7337834
431,213.5337834
431.5,213.7337834
432,213.9337834
432.5,213.7337834
433,213.5337834
433.5,213.3337834
434,213.1337834
434.5,212.9337834
435,212.7337834
435.5,212.5337834
436,212.7337834
436.5,212.5337834
437,212.7208415
437.5,212.9208415
438,212.7208415
438.5,212.5208415
439,212.7208415
439.5,212.9208415
440,213.1208415
440.5,212.9208415
441,212.7208415
441.5,212.5208415
442,212.6931485
442.5,212.8931485
443,213.0931485
443.5,212.8931485
444,213.0931485
444.5,213.2931485
445,213.0931485
445.5,213.2931485
446,213.0931485
446.5,213.2931485
447,213.4931485
447.5,213.6931485
448,213.4931485
448.5,213.6931485
449,213.8931485
449.5,214.0931485
450,213.8931485
450.5,214.0931485
451,214.2931485
451.5,214.4931485
452,214.6931485
452.5,214.8931485
453,215.0931485
453.5,215.2931485
454,215.4931485
454.5,215.6931485
455,215.8931485
455.5,216.0931485
456,216.2931485
456.5,216.4931485
457,216.6931485
457.5,216.8931485
458,217.0931485
458.5,217.2931485
459,217.4931485
459.5,217.6931485
460,217.8931485
460.5,218.0931485
461,218.2931485
461.5,218.4931485
462,218.6931485
462.5,218.8931485
463,219.0931485
463.5,219.2931485
464,219.4931485
464.5,219.6931485
465,219.4931485
465.5,219.6931485
466,219.8931485
466.5,219.6931485
467,219.8931485
467.5,220.0931485
468,219.8931485
468.5,220.0931485
469,220.2931485
469.5,220.4931485
470,220.6931485
470.5,220.8931485
471,221.0931485
471.5,221.2931485
472,221.4931485
472.5,221.6931485
473,221.8931485
473.5,222.0931485
474,222.2931485
474.5,222.4931485
475,222.6931485
475.5,222.8931485
476,223.0931485
476.5,223.2931485
477,223.4931485
477.5,223.6931485
478,223.8931485
478.5,224.0931485
479,224.2931485
479.5,224.4931485
480,224.6931485
480.5,224.8931485
481,225.0931485
481.5,225.2931485
482,225.4931485
482.5,225.6931485
483,225.8931485
483.5,226.0931485
484,226.2931485
484.5,226.4931485
485,226.6931485
485.5,226.8931485
486,227.0931485
486.5,227.2931485
487,227.4931485
487.5,227.6931485
488,227.8931485
488.5,228.0931485
489,228.2931485
489.5,228.4931485
490,228.6931485
490.5,228.8931485
491,229.0931485
491.5,229.2931485
492,229.4931485
492.5,229.6931485
493,229.8931485
493.5,230.0931485
494,230.2931485
494.5,230.4931485
495,230.6931485
495.5,230.8931485
496,231.0931485
496.5,231.2931485
497,231.4931485
497.5,231.6931485
498,231.8931485
498.5,232.0931485
499,232.2931485
499.5,232.4931485
500,232.6931485
500.5,232.8931485
501,233.0931485
501.5,233.2931485
502,233.4931485
502.5,233.6931485
503,233.8931485
503.5,234.0931485
504,234.2931485
504.5,234.4931485
505,234.6931485
505.5,234.8931485
506,235.0931485
506.5,235.2931485
507,235.4931485
507.5,235.6931485
508,235.8931485
508.5,236.0931485
509,236.2931485
509.5,236.4931485
510,236.6931485
510.5,236.8931485
511,237.0931485
511.5,237.2931485
512,237.4931485
512.5,237.6931485
513,237.8931485
513.5,238.0931485
514,238.2931485
514.5,238.4931485
515,238.6931485
515.5,238.8931485
516,239.0931485
516.5,239.2931485
517,239.4931485
517.5,239.6931485
518,239.8931485
518.5,240.0931485
519,240.2931485
519.5,240.4931485
520,240.6931485
520.5,240.8931485
521,241.0931485
521.5,241.2931485
522,241.4931485
522.5,241.6931485
523,241.8931485
523.5,242.0931485
524,242.2931485
524.5,242.4931485
525,242.6931485
525.5,242.8931485
526,243.0931485
526.5,243.2931485
527,243.4931485
527.5,243.6931485
528,243.8931485
528.5,244.0931485
529,244.2931485
529.5,244.4931485
530,244.6931485
530.5,244.8931485
531,245.0931485
531.5,245.2931485
532,245.4931485
532.5,245.6931485
533,245.8931485
533.5,246.0931485
534,246.2931485
534.5,246.4931485
535,246.6931485
535.5,246.8931485
536,247.0931485
536.5,247.2931485
537,247.4931485
537.5,247.6931485
538,247.8931485
538.5,248.0931485
539,248.2931485
539.5,248.4931485
540,248.6931485
540.5,248.8931485
541,249.0931485
541.5,249.2931485
542,249.4931485
542.5,249.6931485
543,249.8931485
543.5,250.0313137
544,250.2313137
544.5,250.4313137
545,250.6313137
545.5,250.8313137
546,250.6313137
546.5,250.8313137
547,251.0313137
547.5,250.9681921
548,250.7681921
548.5,250.9681921
549,251.1681921
549.5,251.3681921
550,251.1681921
550.5,251.3681921
551,251.1681921
551.5,251.3681921
552,251.1681921
552.5,250.9681921
553,251.1681921
553.5,250.9681921
554,250.7681921
554.5,250.5681921
555,250.3681921
555.5,250.1681921
556,250.3681921
556.5,250.1681921
557,249.9681921
557.5,249.7681921
558,249.9681921
558.5,250.1681921
559,249.9681921
559.5,249.7681921
560,249.9681921
560.5,250.1681921
561,250.3681921
561.5,250.1681921
562,249.9681921
562.5,249.7681921
563,249.9681921
563.5,249.7681921
564,249.5681921
564.5,249.7681921
565,249.5681921
565.5,249.3681921
566,249.5681921
566.5,249.7681921
567,249.5681921
567.5,249.3681921
568,249.1681921
568.5,248.9681921
569,248.7681921
569.5,248.5681921
570,248.7681921
570.5,248.5681921
571,248.7681921
571.5,248.5681921
572,248.7681921
572.5,248.5681921
573,248.3681921
573.5,248.5681921
574,248.7681921
574.5,248.9681921
575,249.1681921
575.5,249.3681921
576,249.1681921
576.5,248.9681921
577,249.1681921
577.5,249.3681921
578,249.5681921
578.5,249.7681921
579,249.5681921
579.5,249.3681921
580,249.5681921
580.5,249.7681921
581,249.9681921
581.5,250.1681921
582,249.9681921
582.5,249.7681921
583,249.9681921
583.5,250.1681921
584,250.3681921
584.5,250.1681921
585,250.3681921
585.5,250.1681921
586,249.9681921
586.5,250.1681921
587,250.3681921
587.5,250.1681921
588,250.3681921
588.5,250.5681921
589,250.3681921
589.5,250.1681921
590,250.3681921
590.5,250.1681921
591,249.9681921
591.5,249.7681921
592,249.5681921
592.5,249.7681921
593,249.5681921
593.5,249.3681921
594,249.1681921
594.5,248.9681921
595,248.7681921
595.5,248.9681921
596,249.1681921
596.5,249.3681921
597,249.1681921
597.5,248.9681921
598,248.7681921
598.5,248.9681921
599,249.1681921
599.5,248.9681921
600,249.1681921
600.5,248.9681921
601,249.1681921
601.5,249.3681921
602,249.1681921
602.5,249.3681921
603,249.1681921
603.5,248.9681921
604,248.7681921
604.5,248.5681921
605,248.3681921
605.5,248.1681921
606,247.9681921
606.5,248.1681921
607,247.9681921
607.5,248.1681921
608,248.3681921
608.5,248.1681921
609,248.3681921
609.5,248.1681921
610,247.9681921
610.5,248.1681921
611,247.9681921
611.5,248.1681921
612,247.9681921
612.5,248.1681921
613,247.9681921
613.5,247.7681921
614,247.5681921
614.5,247.3681921
615,247.1681921
615.5,246.9681921
616,247.1681921
616.5,246.9681921
617,246.7681921
617.5,246.5681921
618,246.7681921
618.5,246.9681921
619,246.7681921
619.5,246.9681921
620,246.7681921
620.5,246.9681921
621,247.1681921
621.5,246.9681921
622,246.7681921
622.5,246.9109423
623,246.7109423
623.5,246.5109423
624,246.3109423
624.5,246.1109423
625,246.3109423
625.5,246.5109423
626,246.3109423
626.5,246.1109423
627,245.9109423
627.5,246.1109423
628,245.9109423
628.5,245.7109423
629,245.9109423
629.5,246.1109423
630,246.3109423
630.5,246.5109423
631,246.7109423
631.5,246.9109423
632,246.7109423
632.5,246.5109423
633,246.3109423
633.5,246.5109423
634,246.7109423
634.5,246.5109423
635,246.3109423
635.5,246.5109423
636,246.3109423
636.5,246.1109423
637,246.3109423
637.5,246.1109423
638,245.9474759
638.5,246.1474759
639,245.9474759
639.5,245.7474759
640,245.5474759
640.5,245.7474759
641,245.5474759
641.5,245.7474759
642,245.5474759
642.5,245.3474759
643,245.5474759
643.5,245.7474759
644,245.5474759
644.5,245.7474759
645,245.9474759
645.5,246.1474759
646,245.9474759
646.5,246.1474759
647,246.3474759
647.5,246.1474759
648,245.9474759
648.5,246.1474759
649,246.3474759
649.5,246.5474759
650,246.3474759
650.5,246.1474759
651,246.3474759
651.5,246.5474759
652,246.7474759
652.5,246.5474759
653,246.3474759
653.5,246.5474759
654,246.3474759
654.5,246.1474759
655,245.9474759
655.5,245.7474759
656,245.5474759
656.5,245.3474759
657,245.1474759
657.5,244.9474759
658,245.1474759
658.5,244.9474759
659,244.7474759
659.5,244.5474759
660,244.7474759
660.5,244.9474759
661,244.7474759
661.5,244.5474759
662,244.3474759
662.5,244.5474759
663,244.3474759
663.5,244.5474759
664,244.3474759
664.5,244.1474759
665,243.9474759
665.5,243.7474759
666,243.5474759
666.5,243.3474759
667,243.5474759
667.5,243.3474759
668,243.1474759
668.5,243.3474759
669,243.5474759
669.5,243.7474759
670,243.9474759
670.5,243.7474759
671,243.9474759
671.5,243.7474759
672,243.9474759
672.5,243.7474759
673,243.9474759
673.5,244.1474759
674,243.9474759
674.5,244.1474759
675,243.9474759
675.5,243.7474759
676,243.5474759
676.5,243.3474759
677,243.1474759
677.5,243.3474759
678,243.5474759
678.5,243.7474759
679,243.9474759
679.5,244.1474759
680,244.3474759
680.5,244.5474759
681,244.3474759
681.5,244.5474759
682,244.3474759
682.5,244.1474759
683,243.9474759
683.5,243.7474759
684,243.9474759
684.5,243.7474759
685,243.5474759
685.5,243.3474759
686,243.5474759
686.5,243.7474759
687,243.5474759
687.5,243.7474759
688,243.9474759
688.5,243.7474759
689,243.9474759
689.5,243.7474759
690,243.5474759
690.5,243.7474759
691,243.5474759
691.5,243.3474759
692,243.1474759
692.5,243.3474759
693,243.1474759
693.5,242.9474759
694,242.7474759
694.5,242.5474759
695,242.3474759
695.5,242.1474759
696,241.9474759
696.5,242.1474759
697,241.9474759
697.5,242.1474759
698,241.9474759
698.5,242.1474759
699,241.9474759
699.5,242.1474759
700,241.9474759
700.5,241.7474759
701,241.5474759
701.5,241.3474759
702,241.5474759
702.5,241.7474759
703,241.5474759
703.5,241.3474759
704,241.5474759
704.5,241.7474759
705,241.5474759
705.5,241.7474759
706,241.9474759
706.5,241.7474759
707,241.9474759
707.5,242.1474759
708,241.9474759
708.5,241.7474759
709,241.5474759
709.5,241.3474759
710,241.2566486
710.5,241.0566486
711,240.8566486
711.5,240.6566486
712,240.8566486
712.5,241.0566486
713,241.2566486
713.5,241.0566486
714,240.8566486
714.5,240.6566486
715,240.8566486
715.5,240.8420161
716,241.0420161
716.5,240.8420161
717,241.0420161
717.5,240.8420161
718,240.6420161
718.5,240.8420161
719,240.6420161
719.5,240.4420161
720,240.6420161
720.5,240.4420161
721,240.2420161
721.5,240.4420161
722,240.6420161
722.5,240.4420161
723,240.6420161
723.5,240.8420161
724,241.0420161
724.5,241.2420161
725,241.4420161
725.5,241.2420161
726,241.0420161
726.5,241.2420161
727,241.0420161
727.5,241.2420161
728,241.4420161
728.5,241.6420161
729,241.8420161
729.5,242.0420161
730,241.8420161
730.5,241.6420161
731,241.4420161
731.5,241.6420161
732,241.4420161
732.5,241.6420161
733,241.4420161
733.5,241.6420161
734,241.4420161
734.5,241.6420161
735,241.8420161
735.5,242.0420161
736,241.8420161
736.5,242.0420161
737,241.8420161
737.5,241.6420161
738,241.8420161
738.5,242.0420161
739,241.8420161
739.5,242.0420161
740,241.8420161
740.5,241.6420161
741,241.8420161
741.5,241.6420161
742,241.4420161
742.5,241.2420161
743,241.4420161
743.5,241.2420161
744,241.4420161
744.5,241.6420161
745,241.4420161
745.5,241.6420161
746,241.4420161
746.5,241.6420161
747,241.8420161
747.5,241.6420161
748,241.8420161
748.5,241.6420161
749,241.4420161
749.5,241.2420161
750,241.4420161
750.5,241.2420161
751,241.0420161
751.5,241.2420161
752,241.4420161
752.5,241.6420161
753,241.8420161
753.5,242.0420161
754,242.2420161
754.5,242.0420161
755,241.8420161
755.5,241.6420161
756,241.4420161
756.5,241.2420161
757,241.4420161
757.5,241.2420161
758,241.0420161
758.5,240.8420161
759,240.6420161
759.5,240.8420161
760,241.0420161
760.5,241.2420161
761,241.0420161
761.5,240.8420161
762,240.6420161
762.5,240.4420161
763,240.6420161
763.5,240.4420161
764,240.2420161
764.5,240.4420161
765,240.6420161
765.5,240.8420161
766,240.6420161
766.5,240.4420161
767,240.2420161
767.5,240.4420161
768,240.2420161
768.5,240.4420161
769,240.6420161
769.5,240.4420161
770,240.2420161
770.5,240.4420161
771,240.6420161
771.5,240.4420161
772,240.2420161
772.5,240.4420161
773,240.6420161
773.5,240.4420161
774,240.2420161
774.5,240.4420161
775,240.6420161
775.5,240.4420161
776,240.6420161
776.5,240.8420161
777,241.0420161
777.5,240.8420161
778,241.0420161
778.5,240.8420161
779,240.6420161
779.5,240.8420161
780,240.6420161
780.5,240.4420161
781,240.6420161
781.5,240.8420161
782,240.6420161
782.5,240.4420161
783,240.2420161
783.5,240.0420161
784,239.8420161
784.5,240.0420161
785,239.8420161
785.5,240.0420161
786,240.2420161
786.5,240.4420161
787,240.6420161
787.5,240.8420161
788,240.6420161
788.5,240.8420161
789,241.0420161
789.5,240.8420161
790,240.6420161
790.5,240.4420161
791,240.6420161
791.5,240.8420161
792,241.0420161
792.5,240.8420161
793,241.0420161
793.5,241.2420161
794,241.0420161
794.5,240.8420161
795,241.0420161
795.5,241.2420161
796,241.4420161
796.5,241.2420161
797,241.4420161
797.5,241.2420161
798,241.4420161
798.5,241.6420161
799,241.8420161
799.5,241.6420161
800,241.4420161
800.5,241.6420161
801,241.4420161
801.5,241.6420161
802,241.4420161
802.5,241.2420161
803,241.4420161
803.5,241.2420161
804,241.0420161
804.5,240.8420161
805,241.0420161
805.5,241.2420161
806,241.0420161
806.5,240.8420161
807,240.6420161
807.5,240.4420161
808,240.6420161
808.5,240.4420161
809,240.2420161
809.5,240.0420161
810,240.2420161
810.5,240.4420161
811,240.2420161
811.5,240.0420161
812,240.2420161
812.5,240.0420161
813,239.8420161
813.5,239.6420161
814,239.4420161
814.5,239.2420161
815,239.0420161
815.5,239.2420161
816,239.0420161
816.5,238.8420161
817,239.0420161
817.5,239.2420161
818,239.0420161
818.5,239.2420161
819,239.0420161
819.5,239.2420161
820,239.0420161
820.5,238.8420161
821,238.6420161
821.5,238.4420161
822,238.2420161
822.5,238.0420161
823,238.2420161
823.5,238.0420161
824,237.8420161
824.5,237.6420161
825,237.4420161
825.5,237.2420161
826,237.0420161
826.5,236.8420161
827,236.6420161
827.5,236.8420161
828,236.6420161
828.5,236.4420161
829,236.2420161
829.5,236.4420161
830,236.6420161
830.5,236.4420161
831,236.2420161
831.5,236.0420161
832,235.8420161
832.5,235.6420161
833,235.4420161
833.5,235.2420161
834,235.0420161
834.5,234.8420161
835,234.6420161
835.5,234.8420161
836,234.6420161
836.5,234.4420161
837,234.2420161
837.5,234.0420161
838,234.2420161
838.5,234.0420161
839,233.8420161
839.5,233.6420161
840,233.4420161
840.5,233.2420161
841,233.0420161
841.5,232.8420161
842,233.0420161
842.5,232.8420161
843,232.6420161
843.5,232.4420161
844,232.2420161
844.5,232.0420161
845,231.8420161
845.5,231.6420161
846,231.4420161
846.5,231.6420161
847,231.4420161
847.5,231.2420161
848,231.0420161
848.5,230.8420161
849,230.6420161
849.5,230.4420161
850,230.2420161
850.5,230.0420161
851,229.8420161
851.5,230.0420161
852,229.8420161
852.5,229.6420161
853,229.4420161
853.5,229.2420161
854,229.4420161
854.5,229.2420161
855,229.0420161
855.5,228.8420161
856,228.6420161
856.5,228.4420161
857,228.2420161
857.5,228.0420161
858,227.8420161
858.5,227.6420161
859,227.8420161
859.5,227.6420161
860,227.8420161
860.5,227.6420161
861,227.4420161
861.5,227.2420161
862,227.0420161
862.5,226.8420161
863,226.6420161
863.5,226.4420161
864,226.2420161
864.5,226.0420161
865,226.2420161
865.5,226.0420161
866,225.8420161
866.5,225.6420161
867,225.4420161
867.5,225.2420161
868,225.0420161
868.5,224.8420161
869,224.6420161
869.5,224.4420161
870,224.2420161
870.5,224.0420161
871,223.8420161
871.5,223.6420161
872,223.4420161
872.5,223.2420161
873,223.0420161
873.5,222.8420161
874,222.6420161
874.5,222.4420161
875,222.2420161
875.5,222.0420161
876,221.8420161
876.5,221.6420161
877,221.4420161
877.5,221.2420161
878,221.0420161
878.5,220.8420161
879,220.6420161
879.5,220.4420161
880,220.2420161
880.5,220.0420161
881,219.8420161
881.5,219.6420161
882,219.4420161
882.5,219.2420161
883,219.0420161
883.5,218.8420161
884,218.6420161
884.5,218.4420161
885,218.2420161
885.5,218.0420161
886,217.8420161
886.5,217.6420161
887,217.4420161
887.5,217.2420161
888,217.0420161
888.5,216.8420161
889,216.6420161
889.5,216.4420161
890,216.2420161
890.5,216.0420161
891,215.8420161
891.5,215.6420161
892,215.4420161
892.5,215.2420161
893,215.0420161
893.5,214.8420161
894,214.6420161
894.5,214.4420161
895,214.2420161
895.5,214.0420161
896,213.8420161
896.5,213.6420161
897,213.4420161
897.5,213.2420161
898,213.0420161
898.5,212.8420161
899,212.6420161
899.5,212.4420161
900,212.2420161
900.5,212.0420161
901,211.8420161
901.5,211.6420161
902,211.4420161
902.5,211.2420161
903,211.0420161
903.5,210.8420161
904,210.6420161
904.5,210.4420161
905,210.2420161
905.5,210.0420161
906,209.8420161
906.5,209.6420161
907,209.4420161
907.5,209.2420161
908,209.0420161
908.5,208.8420161
909,208.6420161
909.5,208.4420161
910,208.2420161
910.5,208.0420161
911,207.8420161
911.5,207.6420161
912,207.4420161
912.5,207.2420161
913,207.0420161
913.5,206.8420161
914,206.6420161
914.5,206.4420161
915,206.2420161
915.5,206.0420161
916,205.8420161
916.5,205.6420161
917,205.4420161
917.5,205.2420161
918,205.0420161
918.5,204.8420161
919,204.6420161
919.5,204.8420161
920,205.0420161
920.5,204.8420161
921,204.6420161
921.5,204.4420161
922,204.2420161
922.5,204.4420161
923,204.2420161
923.5,204.0420161
924,203.8420161
924.5,203.6420161
925,203.8420161
925.5,203.6420161
926,203.4420161
926.5,203.2420161
927,203.0420161
927.5,203.2420161
928,203.0420161
928.5,203.2420161
929,203.0420161
929.5,202.8420161
930,203.0420161
930.5,202.8420161
931,203.0420161
931.5,202.8420161
932,202.6420161
932.5,202.4420161
933,202.6420161
933.5,202.4420161
934,202.2420161
934.5,202.4420161
935,202.2420161
935.5,202.4420161
936,202.6420161
936.5,202.8420161
937,202.6420161
937.5,202.4420161
938,202.2420161
938.5,202.0420161
939,201.8420161
939.5,201.6420161
940,201.4420161
940.5,201.2420161
941,201.0420161
941.5,200.8420161
942,200.6420161
942.5,200.4420161
943,200.2420161
943.5,200.0420161
944,199.8420161
944.5,200.0420161
945,199.8420161
945.5,199.6420161
946,199.4420161
946.5,199.6420161
947,199.8420161
947.5,199.6420161
948,199.8420161
948.5,200.0420161
949,200.2420161
949.5,200.0420161
950,199.8420161
950.5,199.6420161
951,199.8420161
951.5,200.0420161
952,199.8420161
952.5,200.0420161
953,199.8420161
953.5,200.0420161
954,199.8420161
954.5,199.6420161
955,199.4420161
955.5,199.6420161
956,199.8420161
956.5,200.0420161
957,199.8420161
957.5,199.6420161
958,199.8420161
958.5,199.6420161
959,199.8420161
959.5,199.6420161
960,199.4420161
960.5,199.6420161
961,199.4420161
961.5,199.2420161
962,199.0420161
962.5,198.8420161
963,199.0420161
963.5,199.2420161
964,199.0420161
964.5,199.2420161
965,199.4420161
965.5,199.2420161
966,199.0420161
966.5,198.8420161
967,198.6420161
967.5,198.4420161
968,198.6420161
968.5,198.4420161
969,198.2420161
969.5,198.4420161
970,198.2420161
970.5,198.4420161
971,198.6420161
971.5,198.8420161
972,198.6420161
972.5,198.8420161
973,198.6420161
973.5,198.8420161
974,199.0420161
974.5,199.2420161
975,199.4420161
975.5,199.6420161
976,199.8420161
976.5,199.6420161
977,199.8420161
977.5,199.6420161
978,199.4420161
978.5,199.6420161
979,199.4420161
979.5,199.2420161
980,199.0420161
980.5,198.8420161
981,199.0420161
981.5,199.2420161
982,199.0420161
982.5,198.8420161
983,198.6420161
983.5,198.4420161
984,198.6420161
984.5,198.8420161
985,198.6420161
985.5,198.8420161
986,198.6420161
986.5,198.4420161
987,198.6420161
987.5,198.4420161
988,198.6420161
988.5,198.8420161
989,198.6420161
989.5,198.8420161
990,199.0420161
990.5,198.8420161
991,199.0420161
991.5,198.8420161
992,198.6420161
992.5,198.8420161
993,198.6420161
993.5,198.4420161
994,198.2420161
994.5,198.0420161
995,198.2420161
995.5,198.4420161
996,198.2420161
996.5,198.4420161
997,198.2420161
997.5,198.0420161
998,198.2420161
998.5,198.4420161
999,198.2420161
999.5,198.4420161
1000,198.6420161
1000.5,198.4420161
1001,198.6420161
1001.5,198.4420161
1002,198.2420161
1002.5,198.4420161
1003,198.6420161
1003.5,198.8420161
1004,199.0420161
1004.5,199.2420161
1005,199.0420161
1005.5,199.2420161
1006,199.4420161
1006.5,199.2420161
1007,199.4420161
1007.5,199.3818618
1008,199.1818618
1008.5,198.9818618
1009,199.1818618
1009.5,198.9818618
1010,199.1818618
1010.5,199.3818618
1011,199.5818618
1011.5,199.7818618
1012,199.5818618
1012.5,199.3818618
1013,199.1818618
1013.5,199.3818618
1014,199.1818618
1014.5,199.3818618
1015,199.1818618
1015.5,199.3818618
1016,199.1818618
1016.5,198.9818618
1017,198.7818618
1017.5,198.5818618
1018,198.3818618
1018.5,198.1818618
1019,197.9818618
1019.5,198.1818618
1020,198.3818618
1020.5,198.1818618
1021,197.9818618
1021.5,197.7818618
1022,197.9818618
1022.5,197.7818618
1023,197.5818618
1023.5,197.7818618
1024,197.9818618
1024.5,198.1818618
1025,198.3818618
1025.5,198.5818618
1026,198.7818618
1026.5,198.5818618
1027,198.3818618
1027.5,198.5818618
1028,198.7818618
1028.5,198.9818618
1029,199.1818618
1029.5,198.9818618
1030,199.1818618
1030.5,199.3818618
1031,199.5818618
1031.5,199.3818618
1032,199.5818618
1032.5,199.7818618
1033,199.5818618
1033.5,199.3818618
1034,199.1818618
1034.5,198.9818618
1035,199.1818618
1035.5,199.3818618
1036,199.5818618
1036.5,199.7818618
1037,199.5818618
1037.5,199.3818618
1038,199.1818618
1038.5,198.9818618
1039,198.7818618
1039.5,198.9818618
1040,199.1818618
1040.5,199.3818618
1041,199.5818618
1041.5,199.3818618
1042,199.5818618
1042.5,199.3818618
1043,199.1818618
1043.5,199.3818618
1044,199.1818618
1044.5,198.9818618
1045,198.7818618
1045.5,198.9818618
1046,198.7818618
1046.5,198.5818618
1047,198.7818618
1047.5,198.5818618
1048,198.3818618
1048.5,198.5818618
1049,198.7818618
1049.5,198.9818618
1050,198.7818618
1050.5,198.9818618
1051,199.1818618
1051.5,199.3818618
1052,199.5818618
1052.5,199.7818618
1053,199.5818618
1053.5,199.3818618
1054,199.5818618
1054.5,199.3818618
1055,199.1818618
1055.5,199.3818618
1056,199.1818618
1056.5,198.9818618
1057,199.1818618
1057.5,199.3818618
1058,199.5818618
1058.5,199.3818618
1059,199.1818618
1059.5,199.3818618
1060,199.1818618
1060.5,199.3818618
1061,199.5818618
1061.5,199.7818618
1062,199.9818618
1062.5,200.1818618
1063,200.3818618
1063.5,200.5818618
1064,200.7818618
1064.5,200.5818618
1065,200.3818618
1065.5,200.5818618
1066,200.7818618
1066.5,200.5818618
1067,200.7818618
1067.5,200.5818618
1068,200.3818618
1068.5,200.5818618
1069,200.3818618
1069.5,200.1818618
1070,199.9818618
1070.5,200.1818618
1071,200.3818618
1071.5,200.5818618
1072,200.3818618
1072.5,200.5818618
1073,200.7818618
1073.5,200.9818618
1074,201.1818618
1074.5,200.9818618
1075,201.1818618
1075.5,201.3818618
1076,201.1818618
1076.5,201.3818618
1077,201.5818618
1077.5,201.3818618
1078,201.5818618
1078.5,201.7818618
1079,201.9818618
1079.5,201.7818618
1080,201.9818618
1080.5,202.1818618
1081,202.3818618
1081.5,202.1818618
1082,202.3818618
1082.5,202.5818618
1083,202.3818618
1083.5,202.1818618
1084,201.9818618
1084.5,202.1818618
1085,201.9818618
1085.5,202.1818618
1086,202.3818618
1086.5,202.5818618
1087,202.3818618
1087.5,202.1818618
1088,201.9818618
1088.5,202.1818618
1089,202.3818618
1089.5,202.1818618
1090,202.3818618
1090.5,202.1818618
1091,202.3818618
1091.5,202.5818618
1092,202.7818618
1092.5,202.9818618
1093,203.1818618
1093.5,203.3818618
1094,203.5818618
1094.5,203.7818618
1095,203.5818618
1095.5,203.7818618
1096,203.9818618
1096.5,204.1818618
1097,204.3818618
1097.5,204.1818618
1098,204.3818618
1098.5,204.1818618
1099,204.3818618
1099.5,204.5818618
1100,204.7818618
1100.5,204.9818618
1101,205.1818618
1101.5,204.9818618
1102,205.1818618
1102.5,204.9818618
1103,205.1818618
1103.5,205.3818618
1104,205.5818618
1104.5,205.3818618
1105,205.5818618
1105.5,205.7818618
1106,205.9818618
1106.5,205.7818618
1107,205.9818618
1107.5,206.1818618
1108,206.3818618
1108.5,206.5818618
1109,206.7818618
1109.5,206.5818618
1110,206.3818618
1110.5,206.5818618
1111,206.7818618
1111.5,206.9818618
1112,207.1818618
1112.5,207.3818618
1113,207.1818618
1113.5,207.3818618
1114,207.5818618
1114.5,207.3818618
1115,207.5818618
1115.5,207.7818618
1116,207.9818618
1116.5,208.0923938
1117,208.2923938
1117.5,208.4923938
1118,208.6923938
1118.5,208.8923938
1119,209.0923938
1119.5,209.2923938
1120,209.4923938
1120.5,209.6923938
1121,209.8923938
1121.5,210.0923938
1122,210.2923938
1122.5,210.0923938
1123,210.2923938
1123.5,210.4923938
1124,210.6923938
1124.5,210.4923938
1125,210.6923938
1125.5,210.8923938
1126,211.0923938
1126.5,211.2923938
1127,211.4923938
1127.5,211.6923938
1128,211.8923938
1128.5,212.0923938
1129,212.2923938
1129.5,212.4923938
1130,212.6923938
1130.5,212.4923938
1131,212.6923938
1131.5,212.8923938
1132,213.0923938
1132.5,213.2923938
1133,213.4923938
1133.5,213.6923938
1134,213.8923938
1134.5,214.0923938
1135,214.2923938
1135.5,214.4273817
1136,214.6273817
1136.5,214.8273817
1137,215.0273817
1137.5,215.2273817
1138,215.4273817
1138.5,215.6273817
1139,215.8273817
1139.5,216.0273817
1140,216.2273817
1140.5,216.4273817
1141,216.6273817
1141.5,216.8273817
1142,217.0273817
1142.5,217.2273817
1143,217.4273817
1143.5,217.6273817
1144,217.8273817
1144.5,218.0273817
1145,218.2273817
1145.5,218.4273817
1146,218.6273817
1146.5,218.8273817
1147,219.0273817
1147.5,219.2273817
1148,219.4273817
1148.5,219.6273817
1149,219.8273817
1149.5,220.0273817
1150,220.2273817
1150.5,220.4273817
1151,220.6273817
1151.5,220.8273817
1152,221.0273817
1152.5,221.2273817
1153,221.4273817
1153.5,221.6273817
1154,221.8273817
1154.5,222.0273817
1155,222.2273817
1155.5,222.4273817
1156,222.2273817
1156.5,222.4273817
1157,222.2273817
1157.5,222.0273817
1158,222.2273817
1158.5,222.4273817
1159,222.6273817
1159.5,222.8273817
1160,223.0273817
1160.5,223.2273817
1161,223.4273817
1161.5,223.6273817
1162,223.8273817
1162.5,224.0273817
1163,224.2273817
1163.5,224.4273817
1164,224.2523958
1164.5,224.4523958
1165,224.6523958
1165.5,224.4523958
1166,224.6523958
1166.5,224.8523958
1167,225.0523958
1167.5,225.2523958
1168,225.4523958
1168.5,225.6523958
1169,225.8523958
1169.5,226.0523958
1170,226.2523958
1170.5,226.4523958
1171,226.6523958
1171.5,226.8523958
1172,227.0523958
1172.5,227.2523958
1173,227.2523662
1173.5,227.4523662
1174,227.6523662
1174.5,227.8523662
1175,228.0523662
1175.5,228.2523662
1176,228.4523662
1176.5,228.6523662
1177,228.8523662
1177.5,229.0523662
1178,228.8523662
1178.5,229.0523662
1179,229.2523662
1179.5,229.4523662
1180,229.6523662
1180.5,229.8523662
1181,230.0523662
1181.5,230.2523662
1182,230.4523662
1182.5,230.6523662
1183,230.8523662
1183.5,231.0523662
1184,231.2523662
1184.5,231.4523662
1185,231.2523662
1185.5,231.0523662
1186,231.2523662
1186.5,231.4523662
1187,231.2523662
1187.5,231.4523662
1188,231.6523662
1188.5,231.8523662
1189,232.0523662
1189.5,232.2523662
1190,232.0523662
1190.5,232.2523662
1191,232.4523662
1191.5,232.6523662
1192,232.8523662
1192.5,233.0523662
1193,233.2523662
1193.5,233.0523662
1194,233.2523662
1194.5,233.4523662
1195,233.6523662
1195.5,233.8523662
1196,233.6523662
1196.5,233.8523662
1197,233.6523662
1197.5,233.8523662
1198,233.6523662
1198.5,233.8523662
1199,233.6523662
1199.5,233.8523662
1200,234.0523662
1200.5,234.2523662
1201,234.4523662
1201.5,234.6523662
1202,234.8523662
1202.5,235.0523662
1203,235.2523662
1203.5,235.4523662
1204,235.6523662
1204.5,235.4523662
1205,235.2523662
1205.5,235.4523662
1206,235.5545618
1206.5,235.7545618
1207,235.5545618
1207.5,235.7545618
1208,235.9545618
1208.5,235.7545618
1209,235.5545618
1209.5,235.7545618
1210,235.6221688
1210.5,235.4221688
1211,235.6221688
1211.5,235.6534811
1212,235.8534811
1212.5,236.0534811
1213,235.8534811
1213.5,236.0534811
1214,236.2534811
1214.5,236.4534811
1215,236.6534811
1215.5,236.8534811
1216,236.6534811
1216.5,236.8534811
1217,237.0534811
1217.5,237.2534811
1218,237.4534811
1218.5,237.6534811
1219,237.8534811
1219.5,237.9512142
1220,238.1512142
1220.5,237.9512142
1221,237.7512142
1221.5,237.9512142
1222,238.1512142
1222.5,237.9512142
1223,238.1512142
1223.5,237.9512142
1224,238.1512142
1224.5,238.3512142
1225,238.5512142
1225.5,238.7512142
1226,238.9512142
1226.5,239.1512142
1227,238.9512142
1227.5,239.1512142
1228,239.3512142
1228.5,239.2396058
1229,239.4396058
1229.5,239.6396058
1230,239.8396058
1230.5,240.0396058
1231,240.2396058
1231.5,240.4396058
1232,240.6396058
1232.5,240.8396058
1233,241.0396058
1233.5,241.2396058
1234,241.4396058
1234.5,241.2396058
1235,241.4396058
1235.5,241.6396058
1236,241.4396058
1236.5,241.2396058
1237,241.4396058
1237.5,241.2540788
1238,241.0540788
1238.5,241.2540788
1239,241.4540788
1239.5,241.6540788
1240,241.4540788
1240.5,241.6540788
1241,241.8540788
1241.5,242.0540788
1242,242.2540788
1242.5,242.4540788
1243,242.6540788
1243.5,242.8540788
1244,243.0540788
1244.5,243.2540788
1245,243.4540788
1245.5,243.6540788
1246,243.8540788
1246.5,244.0540788
1247,244.2540788
1247.5,244.2158602
1248,244.4158602
1248.5,244.6158602
1249,244.4158602
1249.5,244.6158602
1250,244.8158602
1250.5,245.0158602
1251,245.2158602
1251.5,245.4158602
1252,245.2158602
1252.5,245.4158602
1253,245.6158602
1253.5,245.8158602
1254,246.0158602
1254.5,245.8158602
1255,246.0158602
1255.5,245.8158602
1256,246.0158602
1256.5,246.2158602
1257,246.4158602
1257.5,246.2158602
1258,246.0158602
1258.5,245.8158602
1259,246.0158602
1259.5,246.2158602
1260,246.4158602
1260.5,246.6158602
1261,246.8158602
1261.5,247.0158602
1262,247.2158602
1262.5,247.0158602
1263,247.2158602
1263.5,247.0158602
1264,246.8158602
1264.5,247.0158602
1265,247.2158602
1265.5,247.0158602
1266,247.2158602
1266.5,247.4158602
1267,247.6158602
1267.5,247.8158602
1268,247.6158602
1268.5,247.8158602
1269,248.0158602
1269.5,248.2158602
1270,248.4158602
1270.5,248.6158602
1271,248.8158602
1271.5,248.6158602
1272,248.8158602
1272.5,249.0158602
1273,248.8158602
1273.5,249.0158602
1274,249.2158602
1274.5,249.4158602
1275,249.2158602
1275.5,249.4158602
1276,249.6158602
1276.5,249.8158602
1277,250.0158602
1277.5,250.2158602
1278,250.4158602
1278.5,250.2158602
1279,250.0158602
1279.5,249.8158602
1280,250.0158602
1280.5,250.2158602
1281,250.4158602
1281.5,250.2158602
1282,250.4158602
1282.5,250.6158602
1283,250.4158602
1283.5,250.6158602
1284,250.4158602
1284.5,250.6158602
1285,250.8158602
1285.5,251.0158602
1286,251.2158602
1286.5,251.4158602
1287,251.2158602
1287.5,251.0158602
1288,250.8158602
1288.5,251.0158602
1289,251.2158602
1289.5,251.4158602
1290,251.2158602
1290.5,251.4158602
1291,251.6158602
1291.5,251.8158602
1292,251.6158602
1292.5,251.8158602
1293,252.0158602
1293.5,252.2158602
1294,252.4158602
1294.5,252.6158602
1295,252.8158602
1295.5,253.0158602
1296,253.2158602
1296.5,253.4158602
1297,253.2158602
1297.5,253.4158602
1298,253.6158602
1298.5,253.4158602
1299,253.6158602
1299.5,253.8158602
1300,254.0158602
